{
  "pe_trailing": 26.01600985221675,
  "pe_forward": 45.52801724137932,
  "ps_ttm": 10.981323,
  "ev_ebitda": 17.302
}