{
  "asof": "2025-10-25T22:18:17.195636Z",
  "dt": "20251025",
  "horizons": {
    "1m": {
      "inflation_yoy": 0.03022699626172387,
      "yield_curve_slope": 0.5299999999999998,
      "unemployment": 4.3,
      "recession_prob": 0.3137392705584652
    },
    "3m": {
      "inflation_yoy": 0.03022699626172387,
      "yield_curve_slope": 0.5299999999999998,
      "unemployment": 4.3,
      "recession_prob": 0.3137392705584652
    },
    "12m": {
      "inflation_yoy": 0.03022699626172387,
      "yield_curve_slope": 0.5299999999999998,
      "unemployment": 4.3,
      "recession_prob": 0.3137392705584652
    }
  },
  "notes": "Baseline macro forecast (FRED-derived). Slope=DGS10-DGS2; inflation_yoy=CPIAUCSL YoY."
}