{
  "pe_trailing": 32.01785714285714,
  "pe_forward": 19.074468085106385,
  "ps_ttm": 6.879528,
  "ev_ebitda": 14.618
}