{
  "horizon": "1m",
  "top_n": 1,
  "count_days": 1,
  "avg_basket_return": -0.19787984377264134,
  "median": -0.19787984377264134,
  "stdev": 0.0,
  "sharpe_like": 0.0
}